{"newBackend": true, "id": "4ijn-s7e5", "hideFromCatalog": false, "createdAt": 1312839871, "viewType": "tabular", "rowsUpdatedBy": "scy9-9wg4", "licenseId": "SEE_TERMS_OF_USE", "flags": ["default", "restorable", "restorePossibleForType"], "oid": 32670845, "tableId": 16650098, "owner": {"screenName": "cocadmin", "id": "scy9-9wg4", "profileImageUrlSmall": "/api/users/scy9-9wg4/profile_images/TINY", "profileImageUrlLarge": "/api/users/scy9-9wg4/profile_images/LARGE", "type": "interactive", "displayName": "cocadmin", "flags": ["mayBeStoriesCoOwner"], "profileImageUrlMedium": "/api/users/scy9-9wg4/profile_images/THUMB"}, "numberOfComments": 0, "publicationDate": 1571658924, "publicationStage": "published", "approvals": [{"workflowId": 2226, "reviewedAt": 1562154097, "submissionOutcome": "change_audience", "submissionDetails": {"permissionType": "READ"}, "submissionOutcomeApplication": {"status": "success", "failureCount": 0}, "submissionObject": "public_audience_request", "reviewedAutomatically": true, "submitter": {"displayName": "cocadmin", "id": "scy9-9wg4"}, "submissionId": 1379839, "state": "approved", "submittedAt": 1562154097}], "metadata": {"rowLabel": "Food Inspection", "rdfSubject": "0", "custom_fields": {"Metadata": {"Frequency": "Updated daily", "Data Owner": "Public Health", "Time Period": "January 2010 to present"}}, "jsonQuery": {"order": [{"columnFieldName": "inspection_date", "ascending": false}]}, "availableDisplayTypes": ["table", "fatrow", "page"], "renderTypeConfig": {"visible": {"table": true}}}, "displayType": "table", "attributionLink": "http://www.cityofchicago.org", "columns": [{"renderTypeName": "number", "width": 100, "id": 434295079, "fieldName": "inspection_id", "format": {"precisionStyle": "standard", "noCommas": "true", "align": "right"}, "name": "Inspection ID", "dataTypeName": "number", "position": 1, "tableColumnId": 1896328}, {"fieldName": "dba_name", "renderTypeName": "text", "id": 434295080, "dataTypeName": "text", "format": {"aggregate": "count", "align": "left"}, "width": 166, "name": "DBA Name", "description": "Doing Business As", "position": 2, "tableColumnId": 1505551}, {"fieldName": "aka_name", "renderTypeName": "text", "id": 434295081, "dataTypeName": "text", "format": {"align": "left"}, "width": 166, "name": "AKA Name", "description": "Also Known As", "position": 3, "tableColumnId": 1505552}, {"renderTypeName": "number", "width": 94, "id": 434295082, "fieldName": "license_", "format": {"precisionStyle": "standard", "noCommas": "true", "align": "right"}, "name": "License #", "dataTypeName": "number", "position": 4, "tableColumnId": 1505553}, {"renderTypeName": "text", "width": 127, "id": 434295083, "fieldName": "facility_type", "format": {}, "name": "Facility Type", "dataTypeName": "text", "position": 5, "tableColumnId": 1505554}, {"renderTypeName": "text", "width": 118, "id": 434295084, "fieldName": "risk", "format": {}, "name": "Risk", "dataTypeName": "text", "position": 6, "tableColumnId": 1505555}, {"renderTypeName": "text", "width": 154, "id": 434295085, "fieldName": "address", "format": {}, "name": "Address", "dataTypeName": "text", "position": 7, "tableColumnId": 1505556}, {"renderTypeName": "text", "width": 74, "id": 434295086, "fieldName": "city", "format": {}, "name": "City", "dataTypeName": "text", "position": 8, "tableColumnId": 1505557}, {"renderTypeName": "text", "width": 77, "id": 434295087, "fieldName": "state", "format": {}, "name": "State", "dataTypeName": "text", "position": 9, "tableColumnId": 1505558}, {"renderTypeName": "number", "width": 64, "id": 434295088, "fieldName": "zip", "format": {"precisionStyle": "standard", "noCommas": "true", "align": "right"}, "name": "Zip", "dataTypeName": "number", "position": 10, "tableColumnId": 1505559}, {"renderTypeName": "calendar_date", "width": 136, "id": 434295089, "fieldName": "inspection_date", "format": {"view": "date", "align": "left"}, "name": "Inspection Date", "dataTypeName": "calendar_date", "position": 11, "tableColumnId": 1505560}, {"renderTypeName": "text", "width": 172, "id": 434295090, "fieldName": "inspection_type", "format": {}, "name": "Inspection Type", "dataTypeName": "text", "position": 12, "tableColumnId": 1505561}, {"renderTypeName": "text", "width": 110, "id": 434295091, "fieldName": "results", "format": {}, "name": "Results", "dataTypeName": "text", "position": 13, "tableColumnId": 1505562}, {"renderTypeName": "text", "width": 190, "id": 434295092, "fieldName": "violations", "format": {}, "name": "Violations", "dataTypeName": "text", "position": 14, "tableColumnId": 1505563}, {"renderTypeName": "number", "width": 100, "id": 434295093, "fieldName": "latitude", "format": {}, "name": "Latitude", "dataTypeName": "number", "position": 15, "tableColumnId": 1646760}, {"renderTypeName": "number", "width": 100, "id": 434295094, "fieldName": "longitude", "format": {}, "name": "Longitude", "dataTypeName": "number", "position": 16, "tableColumnId": 1646758}, {"renderTypeName": "location", "width": 100, "id": 434295095, "fieldName": "location", "format": {"view": "coords", "align": "left"}, "name": "Location", "dataTypeName": "location", "position": 17, "tableColumnId": 1646761}, {"renderTypeName": "number", "id": 434295100, "fieldName": ":@computed_region_awaf_s7ux", "format": {}, "computationStrategy": {"type": "georegion_match_on_point", "parameters": {"region": "_awaf-s7ux", "primary_key": "_feature_id"}, "source_columns": ["location"]}, "name": "Historical Wards 2003-2015", "dataTypeName": "number", "position": 22, "tableColumnId": 27781992}, {"renderTypeName": "number", "id": 434295101, "fieldName": ":@computed_region_6mkv_f3dw", "format": {}, "computationStrategy": {"type": "georegion_match_on_point", "parameters": {"region": "_6mkv-f3dw", "primary_key": "_feature_id"}, "source_columns": ["location"]}, "name": "Zip Codes", "dataTypeName": "number", "position": 23, "tableColumnId": 27781993}, {"renderTypeName": "number", "id": 434295102, "fieldName": ":@computed_region_vrxf_vc4k", "format": {}, "computationStrategy": {"type": "georegion_match_on_point", "parameters": {"region": "_vrxf-vc4k", "primary_key": "_feature_id"}, "source_columns": ["location"]}, "name": "Community Areas", "dataTypeName": "number", "position": 24, "tableColumnId": 27781994}, {"renderTypeName": "number", "id": 434295103, "fieldName": ":@computed_region_bdys_3d7i", "format": {}, "computationStrategy": {"type": "georegion_match_on_point", "parameters": {"region": "_bdys-3d7i", "primary_key": "_feature_id"}, "source_columns": ["location"]}, "name": "Census Tracts", "dataTypeName": "number", "position": 25, "tableColumnId": 27781995}, {"fieldName": ":@computed_region_43wa_7qmu", "renderTypeName": "number", "id": 434295104, "dataTypeName": "number", "format": {}, "computationStrategy": {"type": "georegion_match_on_point", "parameters": {"region": "_43wa-7qmu", "primary_key": "_feature_id"}, "source_columns": ["location"]}, "name": "Wards", "description": "", "position": 26, "tableColumnId": 28150678}], "totalTimesRated": 0, "tableAuthor": {"screenName": "cocadmin", "id": "scy9-9wg4", "profileImageUrlSmall": "/api/users/scy9-9wg4/profile_images/TINY", "profileImageUrlLarge": "/api/users/scy9-9wg4/profile_images/LARGE", "type": "interactive", "displayName": "cocadmin", "flags": ["mayBeStoriesCoOwner"], "profileImageUrlMedium": "/api/users/scy9-9wg4/profile_images/THUMB"}, "tags": ["food", "inspections"], "category": "Health & Human Services", "viewLastModified": 1571658925, "averageRating": 0, "name": "Food Inspections", "attribution": "City of Chicago", "description": "This information is derived from inspections of restaurants and other food establishments in Chicago from January 1, 2010 to the present. Inspections are performed by staff from the Chicago Department of Public Health\u2019s Food Protection Program using a standardized procedure. The results of the inspection are inputted into a database, then reviewed and approved by a State of Illinois Licensed Environmental Health Practitioner (LEHP). For descriptions of the data elements included in this set, go to http://bit.ly/tS9IE8\n\nNote about 7/1/2018 change to food inspection procedures that affects the data in this dataset: http://bit.ly/2yWd2JB\n\nDisclaimer: Attempts have been made to minimize any and all duplicate inspection reports. However, the dataset may still contain such duplicates and the appropriate precautions should be exercised when viewing or analyzing these data. The result of the inspections (pass, pass with conditions or fail) as well as the violations noted are based on the findings identified and reported by the inspector at the time of the inspection, and may not reflect the findings noted at other times. For more information about Food Inspections, go to https://www.cityofchicago.org/city/en/depts/cdph/provdrs/healthy_restaurants/svcs/food-protection-services.html.", "publicationAppendEnabled": false, "indexUpdatedAt": 1571656913, "rights": ["read"], "license": {"name": "See Terms of Use"}, "viewCount": 351935, "downloadCount": 80741, "rowsUpdatedAt": 1571656910, "query": {"orderBys": [{"ascending": false, "expression": {"columnId": 434295089, "type": "column"}}]}, "grants": [{"inherited": false, "flags": ["public"], "type": "viewer"}], "hideFromDataJson": false, "publicationGroup": 239276, "provenance": "official"}